,sector,revenue_q1,revenue_q2,revenue_q3,revenue_q4,revenue_q5,revenue_q6,revenue_q7,revenue_q8,price_q1,price_q2,price_q3,price_q4,price_q5,price_q6,price_q7,price_q8,quantity_q1,quantity_q2,quantity_q3,quantity_q4,quantity_q5,quantity_q6,quantity_q7,quantity_q8
0,business,701.1800968795477,651.553732068823,616.5543715403494,677.6760715978816,697.8507906853754,721.4573612408586,696.5139981192331,643.2058264835426,250,250,250,250,250.0,250.0,250.0,250.0,1783.0,1616.0,1786.0,1695.0,1719.0,1775.0,1750.0,1436.0
1,education,540.7354026806792,613.7119878662038,635.4835659901212,648.435094651895,661.2711717307824,630.7207530745783,606.5923413031571,683.8762727013881,100,100,100,100,100.0,100.0,100.0,100.0,1275.0,1776.0,1663.0,1693.0,1746.0,1677.0,1523.0,1756.0
2,education,316.4323401234645,334.44588814805115,373.9895856794531,347.55863735822106,315.0308039850826,284.4823279318213,320.48744833001433,342.0562746697127,100,100,100,100,130.0,130.0,130.0,130.0,1120.0,743.0,930.0,1199.0,674.0,743.0,658.0,921.0
3,business,815.6570695098792,802.3833956122922,869.0263287283451,809.3211332071936,797.4337895261978,765.7759586667892,736.9724829054627,816.0656224982148,250,250,250,250,250.0,250.0,250.0,250.0,2032.0,2003.0,2462.0,2022.0,2154.0,1878.0,1860.0,2140.0
4,business,687.8838608283405,643.0462275078205,708.405630603709,758.9796449482012,755.221864392619,863.9499771021061,836.2927193073342,936.4343610593077,250,250,250,250,250.0,250.0,250.0,250.0,1646.0,1667.0,1990.0,2061.0,2048.0,2112.0,1856.0,2302.0
5,business,170.9907699514424,187.83443757484005,199.98654460979785,201.50173741036065,201.44243448671384,221.6640878253322,241.580509826554,251.95472292203897,250,250,250,250,325.0,325.0,325.0,325.0,644.0,788.0,725.0,798.0,620.0,392.0,774.0,844.0
6,business,911.8179126489041,961.9844828843113,1032.2758628285385,980.7974853639463,1024.9756370315042,1168.3637439017298,1182.8923010383787,1217.6238973573995,250,250,250,250,325.0,325.0,325.0,325.0,2190.0,2338.0,2545.0,2256.0,1979.0,2789.0,2595.0,2571.0
7,education,824.3118704939372,851.8152610852285,947.4731888893438,969.1690332108395,1001.5398959722883,1023.5372284759767,1119.9315483268635,1128.4507025149544,100,100,100,100,130.0,130.0,130.0,130.0,1912.0,2315.0,2424.0,2325.0,2169.0,1909.0,2378.0,2404.0
8,business,950.3019141590048,1067.6386809245698,1027.5136187439841,941.2561461920297,990.1791327961432,918.3258430272379,841.5001166622054,824.0277526464636,250,250,250,250,325.0,325.0,325.0,325.0,2363.0,2529.0,2514.0,2371.0,2104.0,2043.0,1997.0,1851.0
9,education,728.4623133044764,799.2319191625488,817.0997404909359,854.2719368111926,932.1993194480873,966.6812531798781,987.8446109905394,996.388469364619,100,100,100,100,100.0,100.0,100.0,100.0,1966.0,1984.0,1861.0,1953.0,2363.0,2021.0,2383.0,2370.0
10,business,617.281043976432,578.9594466053969,553.0813259497986,534.9670005539973,590.2004360321287,598.2238176740171,543.4285499634683,594.2227697570381,250,250,250,250,325.0,325.0,325.0,325.0,1602.0,1626.0,1499.0,1519.0,1406.0,1285.0,1314.0,1399.0
11,education,424.0606059277127,414.70180757254633,475.6285538647381,522.901168892696,564.4879009953395,627.196450227364,574.3007719052704,603.2919674797081,100,100,100,100,130.0,130.0,130.0,130.0,1314.0,1366.0,1479.0,1355.0,1216.0,1471.0,981.0,1356.0
12,education,933.4011985204731,898.0460938989618,1020.1936851126645,997.3316442496546,1135.8419845262497,1050.1093643749828,1183.0630424317787,1328.734567902401,100,100,100,100,100.0,100.0,100.0,100.0,2574.0,2268.0,2491.0,2229.0,2721.0,2627.0,2656.0,3235.0
13,business,867.4032506054043,941.9882836582087,857.0743538851716,868.9062972841035,785.9762690315041,803.3151289443728,750.948094363495,759.0921291463729,250,250,250,250,325.0,325.0,325.0,325.0,1912.0,2408.0,2164.0,2165.0,2095.0,1961.0,1748.0,1723.0
14,business,54.76648340512752,49.74894844723741,53.54945932329707,48.35008179824826,45.88154402394737,43.01450572527553,44.43850827424358,46.739196263594316,250,250,250,250,325.0,325.0,325.0,325.0,468.0,425.0,395.0,365.0,340.0,249.0,297.0,149.0
15,business,36.103304752279485,37.63669951907395,42.578852792942094,39.09214385632571,35.25684171984638,34.59291948901355,34.688876810875634,36.6948266145339,250,250,250,250,325.0,325.0,325.0,325.0,262.0,441.0,327.0,360.0,102.0,452.0,302.0,160.0
16,business,382.6987332092691,417.37685317768376,394.48116018759555,393.7408725432021,418.10110001410527,453.3634413024509,447.39528859874304,468.83639041214263,250,250,250,250,325.0,325.0,325.0,325.0,1331.0,1391.0,978.0,1091.0,1177.0,1150.0,1276.0,1384.0
17,business,812.4477974740146,909.2845953486094,947.4620980995535,966.3968521147333,1086.7206408052932,1107.3732583704048,1245.7487785343787,1340.0001918255116,250,250,250,250,325.0,325.0,325.0,325.0,2016.0,2243.0,2347.0,2308.0,2317.0,2493.0,2676.0,3053.0
18,business,987.403368021795,973.1061989248336,1098.512413388867,1153.4436771493417,1108.310088305341,1101.6292741005195,997.4766698775151,956.9375892277561,250,250,250,250,250.0,250.0,250.0,250.0,2307.0,2333.0,2586.0,2676.0,2794.0,2937.0,2454.0,2199.0
19,business,158.9127221924929,175.64850844971838,159.57429773136195,155.25233075123955,175.70816611775084,175.46552537709974,187.0370243455647,192.29107099466262,250,250,250,250,250.0,250.0,250.0,250.0,652.0,720.0,523.0,723.0,902.0,847.0,746.0,949.0
20,business,598.1894081986138,554.9151506930575,596.1759037976699,640.1411769390281,585.7719687828761,594.4775314246147,678.2088645420243,628.0595243802634,250,250,250,250,325.0,325.0,325.0,325.0,1735.0,1612.0,1688.0,1780.0,1458.0,1393.0,1539.0,1383.0
21,business,387.0819480647113,430.2853537653493,419.24304909608276,467.46882828483297,529.9268740958267,580.9345274835143,604.1963344778388,601.8567847121057,250,250,250,250,325.0,325.0,325.0,325.0,1186.0,1353.0,1126.0,1358.0,1098.0,1415.0,1375.0,1475.0
22,business,970.2152538364571,904.116589674235,1022.6454146247281,1119.7586326328412,1106.2159042360918,1242.303881520281,1409.028038588027,1439.9093780250723,250,250,250,250,325.0,325.0,325.0,325.0,2442.0,2139.0,2374.0,2888.0,2423.0,2919.0,2990.0,3060.0
23,business,843.6977339043516,843.1255572026118,963.4940074901609,876.6877319428802,811.24755776482,923.8760348069209,843.5583819017763,896.7498539664144,250,250,250,250,325.0,325.0,325.0,325.0,2259.0,2122.0,2260.0,2392.0,2010.0,2149.0,1900.0,2280.0
24,business,839.9454176640264,923.3720231504486,1049.0121354468642,1070.125326612175,1093.0987126986822,1198.8296110622882,1204.46210791135,1370.2355559285081,250,250,250,250,325.0,325.0,325.0,325.0,2222.0,2273.0,2502.0,2533.0,2688.0,2753.0,2644.0,2934.0
25,education,474.00622819702056,444.37105394696675,452.6157163654482,419.2274066971775,404.2166096739774,395.6681252233435,381.83534905405946,400.98926656244964,100,100,100,100,130.0,130.0,130.0,130.0,1467.0,1265.0,1344.0,1084.0,856.0,986.0,786.0,716.0
26,business,420.6713073142885,402.7140476168947,449.2318141547813,431.4922131350647,419.0731015539978,449.2604777902569,486.41667398782596,528.1991264650894,250,250,250,250,325.0,325.0,325.0,325.0,1194.0,1333.0,1162.0,1196.0,1007.0,1404.0,966.0,1204.0
27,business,280.6730012113992,303.28490009114006,336.9911800712114,386.41620997339453,377.4600448784733,381.008464101853,436.3782420111609,447.9712910681534,250,250,250,250,325.0,325.0,325.0,325.0,658.0,945.0,1163.0,1154.0,815.0,851.0,1062.0,1412.0
28,business,65.81174168441785,71.07728215260435,69.63975253027903,65.15661586333341,71.72156676534789,69.11575409437523,66.63674586336555,70.53672857446904,250,250,250,250,325.0,325.0,325.0,325.0,495.0,424.0,549.0,749.0,189.0,408.0,213.0,357.0
29,business,866.0751524925026,918.2881457235875,1016.755144581082,1041.8914042710296,1078.1391387648623,1196.9693650019044,1273.029167833413,1168.300946069411,250,250,250,250,325.0,325.0,325.0,325.0,2036.0,2122.0,2355.0,2422.0,2402.0,2667.0,2756.0,2431.0
30,business,814.7719990387768,874.6472394669763,795.2746719060557,838.6481044146223,820.052696919875,745.9253350027222,708.2743122723389,682.491636537263,250,250,250,250,325.0,325.0,325.0,325.0,2123.0,2127.0,1970.0,2109.0,1957.0,1678.0,1518.0,1503.0
31,business,999.7204965532693,1035.3916343967062,1086.1956819628,1168.3297182003028,1229.764520646215,1384.0267945804421,1441.2321701509206,1427.487532834795,250,250,250,250,250.0,250.0,250.0,250.0,2196.0,2392.0,2531.0,2664.0,2690.0,3099.0,3297.0,3054.0
32,business,996.6704687031663,959.743593347802,918.9566110130843,955.6341642955431,1031.1652606337316,1047.013617091948,1063.7481631262574,1083.0268314330172,250,250,250,250,250.0,250.0,250.0,250.0,2501.0,2224.0,2254.0,2278.0,2570.0,2701.0,2500.0,2639.0
33,education,559.8773885466012,552.2764922104403,513.6954071778493,463.58067632093196,448.81841334918124,475.433510965475,543.4211365048964,495.28064614463875,100,100,100,100,100.0,100.0,100.0,100.0,1534.0,1389.0,1601.0,1173.0,1454.0,1220.0,1403.0,1232.0
34,education,771.2975410287054,729.1842550321766,670.2940952795428,657.9709575648842,660.199686391079,703.0060309172176,739.6550134963013,691.5818935880728,100,100,100,100,130.0,130.0,130.0,130.0,1943.0,1717.0,1647.0,1499.0,1410.0,1251.0,1528.0,1530.0
35,education,945.3180725836038,1065.479948744593,1144.4023861786525,1178.079757571271,1096.1696666365692,1231.8529288306029,1216.302747972569,1178.8449739864845,100,100,100,100,100.0,100.0,100.0,100.0,2322.0,2397.0,2669.0,2876.0,2748.0,2753.0,2835.0,2809.0
36,business,851.1509167706373,890.1744403314862,876.7939977120681,808.3748027034019,764.1464648555484,809.3590400971877,751.5092498214772,858.8872757683519,250,250,250,250,250.0,250.0,250.0,250.0,2061.0,2191.0,2032.0,2107.0,1934.0,1767.0,1860.0,2068.0
37,business,254.87462072576568,254.92887185694372,275.62697852755593,272.2248410846943,291.3566568651162,306.93940037683154,287.85136306934794,282.9108986733037,250,250,250,250,325.0,325.0,325.0,325.0,840.0,645.0,985.0,870.0,831.0,717.0,848.0,918.0
38,education,456.0386939569926,463.10795538489856,424.3639201861179,385.45007851977374,364.3889270092407,334.0218506940382,319.434860108387,325.98655358868126,100,100,100,100,100.0,100.0,100.0,100.0,1401.0,1195.0,1235.0,1251.0,1123.0,895.0,942.0,1116.0
39,business,137.86782099998004,156.7310113754483,153.41185361917806,141.0843864830505,145.49903628175295,149.8060995520169,144.22457376006068,136.87264364280898,250,250,250,250,325.0,325.0,325.0,325.0,700.0,655.0,819.0,478.0,641.0,497.0,524.0,480.0
40,business,954.5105169861351,895.6533470547414,926.8873077799819,926.1743637204106,997.732044923147,935.4159464981454,1040.7943080613281,1095.6389826184336,250,250,250,250,250.0,250.0,250.0,250.0,2366.0,2303.0,2129.0,2206.0,2434.0,2419.0,2451.0,2473.0
41,business,610.1128881063712,638.5181932722043,700.8891555928474,654.0549982298397,606.1253448432416,657.2571347002578,683.7483416689975,663.35267828794,250,250,250,250,250.0,250.0,250.0,250.0,1600.0,1637.0,1874.0,1719.0,1538.0,1633.0,1637.0,1766.0
42,business,236.3563774484281,242.61324358691118,237.68531388766903,247.6408136646827,257.99914721591915,265.23743718306974,273.4194094592248,260.22641565307157,250,250,250,250,325.0,325.0,325.0,325.0,845.0,826.0,987.0,1007.0,760.0,828.0,644.0,763.0
43,education,674.9836775617981,710.6657169292223,750.7990311751562,805.1315357720075,776.2600792106618,830.6424887319878,771.4112151983913,793.8925734404872,100,100,100,100,100.0,100.0,100.0,100.0,1712.0,1774.0,1813.0,1997.0,1968.0,2115.0,2046.0,2010.0
44,business,621.9469580533168,562.5681556822747,630.9170570642387,694.1013023894837,791.7833717025953,720.8540119692316,803.7773979735396,724.5060174069176,250,250,250,250,250.0,250.0,250.0,250.0,1413.0,1284.0,1625.0,1832.0,1936.0,1553.0,2175.0,1836.0
45,education,364.5810908525121,407.61295328761474,429.610111197882,408.1457422496678,416.6704422477259,383.8359797291736,414.8129158148283,374.12640916587674,100,100,100,100,130.0,130.0,130.0,130.0,938.0,1269.0,1257.0,1135.0,987.0,732.0,946.0,819.0
46,business,122.42201627763274,138.70776453759143,132.91531007656428,125.18902890725484,137.89548216973793,148.8003736993551,136.43760571400546,130.2661510927239,250,250,250,250,325.0,325.0,325.0,325.0,590.0,711.0,597.0,642.0,480.0,446.0,397.0,490.0
47,business,674.8574636368716,702.7178039966954,636.7327395048292,589.7049074144028,611.8522396977637,561.6932563349659,604.9204808792607,549.9818088569692,250,250,250,250,250.0,250.0,250.0,250.0,1483.0,1862.0,1653.0,1689.0,1667.0,1528.0,1740.0,1622.0
48,business,525.1046238947554,564.0478037197415,630.3373630584773,667.5950680696258,608.0810594692351,558.105420150764,578.1327844251912,535.932813488974,250,250,250,250,325.0,325.0,325.0,325.0,1425.0,1816.0,1729.0,1529.0,1499.0,1406.0,1451.0,1141.0
49,business,774.5952078182829,875.7765870052708,792.8557413152851,853.6035011450131,903.3582087709714,815.7569605186582,750.8482693777245,739.3716754690055,250,250,250,250,250.0,250.0,250.0,250.0,1792.0,1946.0,1922.0,2194.0,2070.0,2022.0,1892.0,1709.0
50,education,524.9618661008734,565.2840078027348,632.3693238141313,574.1259186940398,653.2696562978799,744.1560255969775,755.0022190194072,830.9904893764559,100,100,100,100,100.0,100.0,100.0,100.0,1429.0,1340.0,1638.0,1511.0,1577.0,1769.0,2119.0,2059.0
51,education,853.6596853153547,800.8478246269427,826.662580451774,937.4792302391866,984.7309537286625,1067.8196859040283,1090.4297765841393,1137.3315175218372,100,100,100,100,130.0,130.0,130.0,130.0,2134.0,2093.0,2092.0,2113.0,1946.0,2122.0,2140.0,2246.0
52,education,556.3877703867407,580.9089423013277,659.1962539443119,601.8414474238127,664.9127548991519,657.141821209015,618.6619848963591,636.0877946398479,100,100,100,100,130.0,130.0,130.0,130.0,1266.0,1497.0,1647.0,1548.0,1352.0,1166.0,1362.0,1330.0
53,education,565.3285918200324,594.5440733399406,653.8176256840799,676.9131343001817,758.8545629885758,739.22595142687,840.0745094039108,817.7051782565433,100,100,100,100,130.0,130.0,130.0,130.0,1527.0,1429.0,1623.0,1866.0,1722.0,1500.0,1596.0,1516.0
54,business,877.8870666317616,883.1830676931382,1015.2043881979386,1093.6442870892647,1046.6393932784813,1033.4787480028135,1149.7387438902972,1302.583207250217,250,250,250,250,325.0,325.0,325.0,325.0,2119.0,2150.0,2340.0,2547.0,2339.0,2274.0,2478.0,2742.0
55,education,409.44803755027306,443.8871455556841,438.4175476684936,490.0378297335782,467.0115450489282,510.7534261626683,545.1044462889511,544.697667715552,100,100,100,100,130.0,130.0,130.0,130.0,893.0,1167.0,1225.0,1369.0,988.0,1094.0,1411.0,1346.0
56,business,142.67507616613432,161.73528979934403,176.58211587964428,190.44764964116686,200.492858002577,213.59359320542384,216.92007638414066,199.95111115218782,250,250,250,250,325.0,325.0,325.0,325.0,593.0,893.0,770.0,550.0,703.0,708.0,691.0,569.0
57,business,38.494849550205586,43.55276975837349,43.57379391733515,47.94999809295745,48.08220186950738,45.50013435244205,45.633967783148144,48.110369383978124,250,250,250,250,250.0,250.0,250.0,250.0,476.0,712.0,408.0,230.0,406.0,404.0,666.0,309.0
58,business,757.5858831168828,767.2146806374594,782.5351177680051,770.6895300906688,855.4386552935242,807.1297536872314,857.7717918681263,796.4064533702671,250,250,250,250,325.0,325.0,325.0,325.0,1873.0,1744.0,1878.0,1818.0,1901.0,1888.0,2021.0,1819.0
59,business,624.10645583993,579.3639591199154,612.3160755928168,675.8170970194689,760.2981409438316,702.9708342379625,728.5294248784022,718.5527868105698,250,250,250,250,250.0,250.0,250.0,250.0,1589.0,1379.0,1610.0,1870.0,2044.0,1777.0,1902.0,1959.0
60,business,707.0389704182313,810.4153502113545,906.3841513064609,833.8994429376702,824.1889714746031,877.823629180275,803.7074672136387,825.2894115174877,250,250,250,250,250.0,250.0,250.0,250.0,1787.0,1884.0,2215.0,2016.0,2071.0,1977.0,1887.0,2150.0
61,business,220.83451989382164,245.06548194447285,280.8501561632541,315.5924899449486,302.7218833258059,330.29777796085625,339.58762168674406,379.8476465137746,250,250,250,250,250.0,250.0,250.0,250.0,756.0,779.0,949.0,1135.0,910.0,936.0,1168.0,956.0
62,education,145.00776083090207,135.02624881292746,147.4578932158416,152.8988084264291,167.44428289058894,161.7949818824281,178.2334983542132,182.4017819224864,100,100,100,100,100.0,100.0,100.0,100.0,620.0,539.0,925.0,807.0,648.0,414.0,722.0,635.0
63,business,24.399219011203108,27.57625280225026,27.698738121382483,30.588393533589485,29.631022970418528,26.823075828732048,27.220324760949048,29.27722020425545,250,250,250,250,325.0,325.0,325.0,325.0,241.0,383.0,328.0,321.0,255.0,191.0,249.0,271.0
64,business,357.081683218531,399.02952919438326,401.16004783528894,406.4070492152943,449.3454087511134,413.641733253491,377.6504121265087,433.61979301739194,250,250,250,250,325.0,325.0,325.0,325.0,1028.0,1120.0,1160.0,1377.0,1148.0,966.0,934.0,1073.0
65,business,594.0185099860868,611.6665113920045,663.2884585721447,703.6790270695093,707.855054877482,808.3457039094715,886.4072846559637,826.9047846230104,250,250,250,250,325.0,325.0,325.0,325.0,1808.0,1455.0,1814.0,1736.0,1793.0,1713.0,1989.0,1690.0
66,business,398.321604648735,417.36888927268654,400.54653837367255,413.2040754434679,440.84225263639917,429.31916268096063,407.9995789980866,395.22220778564446,250,250,250,250,250.0,250.0,250.0,250.0,1201.0,1095.0,1101.0,1330.0,1329.0,1340.0,1202.0,1001.0
67,education,443.1001728034918,442.9896972816214,410.9254510368423,444.99009448344236,411.11915211754666,449.06782898789294,433.19562030265564,432.6082152286676,100,100,100,100,100.0,100.0,100.0,100.0,1280.0,1433.0,1415.0,1366.0,1066.0,1323.0,1242.0,1098.0
68,business,905.117107548811,826.9968208277373,817.6149879859623,752.5389633816749,794.6546794155323,839.2871684865909,789.9174338889176,794.2280485833832,250,250,250,250,250.0,250.0,250.0,250.0,2117.0,1995.0,2019.0,1897.0,1879.0,2129.0,1957.0,1760.0
69,education,354.77291235306734,349.0253465256184,339.1862340224903,310.38525964128337,314.4022407427537,312.98268630231587,307.522317187328,308.3696238382171,100,100,100,100,100.0,100.0,100.0,100.0,1041.0,1027.0,1124.0,1007.0,1044.0,1087.0,807.0,940.0
70,education,518.8495942682127,571.1046813568698,556.2999519003006,535.0358360088338,559.9963897841872,532.7927818692946,580.3114386572714,653.9545564502349,100,100,100,100,130.0,130.0,130.0,130.0,1400.0,1350.0,1505.0,1498.0,1183.0,1111.0,1272.0,1497.0
71,business,785.8164826137316,708.1448143585742,678.6873622977074,637.8888655965995,600.8935771325602,559.0392991750828,575.7246459822068,620.9237292478409,250,250,250,250,325.0,325.0,325.0,325.0,2068.0,1752.0,1871.0,1681.0,1326.0,1342.0,1362.0,1387.0
72,business,402.57735449805745,395.88442261493026,360.46198987224017,402.977000672952,436.91509350871985,460.40069626779206,437.94249695881797,460.70512910622807,250,250,250,250,325.0,325.0,325.0,325.0,1315.0,1273.0,959.0,1125.0,1200.0,1220.0,678.0,1251.0
73,education,625.8658332255948,625.5792951976958,565.8167565511609,540.2438177254387,602.7496327264711,659.20222614806,737.9488889576417,721.229313417039,100,100,100,100,100.0,100.0,100.0,100.0,1608.0,1733.0,1731.0,1434.0,1346.0,1809.0,1696.0,1857.0
74,education,863.7400716592778,893.4085936410954,1024.6776520574583,1172.1967166160118,1118.4924654610152,1186.693732930927,1328.972928355519,1469.7744153373899,100,100,100,100,130.0,130.0,130.0,130.0,2111.0,2270.0,2463.0,2684.0,2319.0,2539.0,2643.0,2959.0
75,education,950.0254174210656,1073.4944296663703,1080.9480057563271,1063.8949137463635,982.9629795690756,1014.9835228547754,1134.3908597629375,1291.8047524739154,100,100,100,100,130.0,130.0,130.0,130.0,2294.0,2425.0,2663.0,2697.0,1859.0,2103.0,2501.0,2462.0
76,education,155.60274611974756,153.51556846550235,152.9140425477419,144.58473497004968,130.98070614768878,119.2563357501287,114.45019246520971,126.50174859118201,100,100,100,100,130.0,130.0,130.0,130.0,759.0,517.0,574.0,455.0,380.0,133.0,314.0,406.0
77,business,927.3217489098795,915.0238865119646,978.9948723775453,1074.373082443963,1139.3649991426687,1301.294053041779,1317.9634165078994,1186.6827627034463,250,250,250,250,325.0,325.0,325.0,325.0,2290.0,2345.0,2377.0,2468.0,2460.0,2844.0,2766.0,2600.0
78,business,497.1951301487428,539.1461243935652,514.6491963982779,547.935133589156,576.3036581716118,633.7487699754788,726.4328887323933,769.3653212930502,250,250,250,250,250.0,250.0,250.0,250.0,1365.0,1559.0,1295.0,1439.0,1624.0,1580.0,1812.0,1729.0
79,business,265.6619444159688,269.13002434351483,306.13279104964295,313.64802323637264,325.1508616142872,316.43860983610074,345.8683875474054,315.7030767741651,250,250,250,250,250.0,250.0,250.0,250.0,1024.0,879.0,1125.0,971.0,975.0,1083.0,1196.0,1049.0
80,education,464.5443986758787,444.17468691137987,487.0758558658299,505.9943145016552,484.73586102645277,555.0189652693423,503.2866772468197,485.37058001127474,100,100,100,100,100.0,100.0,100.0,100.0,1387.0,1386.0,1215.0,1443.0,1524.0,1540.0,1328.0,1296.0
81,business,980.2322495326223,993.0829757484104,915.972814233796,989.0678520219155,986.8192052479128,1036.624362707688,949.860093402175,869.0091184199753,250,250,250,250,325.0,325.0,325.0,325.0,2233.0,2206.0,2215.0,2181.0,1948.0,2278.0,1968.0,1944.0
82,business,497.6919130529409,465.4485717325867,467.4943084773481,447.44520045887504,469.1995761543462,490.5977346322934,498.43888179130687,523.8337762118683,250,250,250,250,250.0,250.0,250.0,250.0,1390.0,1175.0,1282.0,1412.0,1438.0,1328.0,1496.0,1470.0
83,business,335.46409418463315,316.7105599297367,354.64601679488686,407.51787879719177,417.37643506223077,453.6958207549993,511.45359056584687,548.0979506347841,250,250,250,250,250.0,250.0,250.0,250.0,1017.0,807.0,889.0,1289.0,1129.0,1395.0,1524.0,1610.0
84,business,637.0668457735585,652.7335574497861,741.6247751415582,848.1949875490615,972.8341705491075,1072.9801006125701,1110.186167893182,1030.943199147746,250,250,250,250,250.0,250.0,250.0,250.0,1512.0,1706.0,1728.0,2134.0,2348.0,2614.0,2505.0,2283.0
85,business,247.74416259041115,248.91633000019897,253.1106642043951,268.95068938906866,251.22951182771362,267.3382606562499,273.87551709832803,272.7689835325923,250,250,250,250,250.0,250.0,250.0,250.0,838.0,894.0,930.0,883.0,922.0,837.0,976.0,984.0
86,education,85.10469482757728,96.05864565098469,101.18364790450363,96.11289138825735,103.20469050501035,96.18924191919231,89.10667653758324,90.35943864085934,100,100,100,100,130.0,130.0,130.0,130.0,660.0,482.0,448.0,456.0,48.0,54.0,182.0,349.0
87,business,137.59092469154274,136.29736014289628,128.35919560525684,137.3516635513457,137.49996104724994,135.37790716697342,144.06849546189622,142.95387431339702,250,250,250,250,325.0,325.0,325.0,325.0,769.0,541.0,538.0,598.0,591.0,488.0,413.0,784.0
88,education,136.7653805681947,142.93993918118446,164.0653410476454,150.62012109094732,151.68197844465084,171.70717128187798,189.82670620582923,176.58747988791208,100,100,100,100,100.0,100.0,100.0,100.0,735.0,928.0,725.0,661.0,703.0,838.0,872.0,831.0
89,business,160.3836665771714,169.6965161050389,162.55533464575933,147.54548311963208,159.26051206256992,152.27756019618775,151.53216182483573,152.2499617270636,250,250,250,250,250.0,250.0,250.0,250.0,776.0,670.0,796.0,736.0,694.0,515.0,585.0,709.0
90,business,147.43890092291605,133.17766890251613,151.24760703217686,145.86632639407424,156.53047316870106,155.44129593659926,170.03769415584367,184.96607052771716,250,250,250,250,250.0,250.0,250.0,250.0,674.0,787.0,736.0,636.0,714.0,722.0,785.0,757.0
91,education,644.4659973551825,686.9262161794608,729.7984231730132,741.2239569437095,850.7872337483645,857.6098843752052,978.6350738462996,898.1442142177086,100,100,100,100,100.0,100.0,100.0,100.0,1583.0,1723.0,1821.0,1892.0,2083.0,1983.0,2332.0,2349.0
92,education,190.06128355515338,179.51459129519998,188.8375377526133,210.94439448225475,196.62096894499922,198.55793075874692,188.81699930347992,173.72013678889587,100,100,100,100,100.0,100.0,100.0,100.0,799.0,650.0,755.0,721.0,844.0,626.0,708.0,664.0
93,business,352.21061049062456,401.6143402516459,412.92867075310477,446.7030430256376,413.65926302013366,435.6803707107587,449.1134455703952,444.03524032983546,250,250,250,250,250.0,250.0,250.0,250.0,874.0,1340.0,1207.0,1295.0,1138.0,1350.0,1199.0,1351.0
94,education,897.8205258069518,841.4065853260555,805.7877014472608,874.8248764444406,945.7597928496373,1074.1646158014066,1043.8565128282455,1185.2274908882282,100,100,100,100,100.0,100.0,100.0,100.0,2100.0,2163.0,1872.0,2105.0,2377.0,2612.0,2354.0,3019.0
95,business,479.2220238602436,480.97407440265533,454.10301866238274,456.99716869454295,477.3777476955623,458.3653090913406,503.38301839342677,537.1817457847498,250,250,250,250,325.0,325.0,325.0,325.0,1444.0,1312.0,1295.0,1299.0,1210.0,1085.0,1164.0,1248.0
96,business,670.8821611358169,618.1088374654415,590.3690723102794,582.389495236655,564.067618765867,524.7946048909889,548.0946149607046,586.2789906115959,250,250,250,250,325.0,325.0,325.0,325.0,1648.0,1737.0,1421.0,1318.0,1307.0,1344.0,1234.0,1130.0
97,business,180.59667248961352,207.54504843413994,196.46412812740252,195.04166708247223,179.4100219057875,170.32606594308822,180.31494102327872,178.59834237171964,250,250,250,250,250.0,250.0,250.0,250.0,797.0,1076.0,825.0,807.0,939.0,781.0,731.0,613.0
98,business,200.36612862058408,205.485233266687,224.98498429050622,258.03806625687616,237.76003190239152,266.70285185434767,293.23406214504394,307.43104726611966,250,250,250,250,250.0,250.0,250.0,250.0,723.0,689.0,832.0,947.0,896.0,721.0,809.0,1016.0
99,business,50.459930103814074,52.924708683139556,52.264807150827586,47.562401224282084,53.4386273898205,56.72257549628814,56.66543420413357,51.14241276920372,250,250,250,250,325.0,325.0,325.0,325.0,522.0,517.0,200.0,513.0,319.0,312.0,284.0,191.0
100,business,177.2457124414429,162.49339570299216,148.593819365527,165.94331780873472,157.30876113858977,152.82179572881185,172.50104303282205,182.68274659821495,250,250,250,250,325.0,325.0,325.0,325.0,529.0,635.0,774.0,573.0,577.0,668.0,587.0,517.0
101,business,285.80443564163903,310.8094993264689,355.0301252113294,370.8889133807399,363.7837538654804,401.6124385821952,414.96895052633255,468.2184870149764,250,250,250,250,325.0,325.0,325.0,325.0,1086.0,871.0,1009.0,1018.0,911.0,1056.0,945.0,1097.0
102,business,185.24037943397934,176.4370894181666,197.7765327793013,199.68583870908543,191.03227328254687,213.06641308996373,200.17348866391444,210.8113818529071,250,250,250,250,325.0,325.0,325.0,325.0,604.0,605.0,691.0,663.0,728.0,314.0,691.0,691.0
103,business,97.81550841948506,109.99486680502223,124.50737732904817,134.63162189266586,133.1168918084139,147.9765420369987,158.92307411160286,177.74348328060637,250,250,250,250,250.0,250.0,250.0,250.0,392.0,770.0,723.0,668.0,623.0,527.0,779.0,601.0
104,education,129.4295123895948,123.12434206047607,141.43625062296923,144.50078315311217,132.5586547493782,149.75570555263252,164.47898830299798,177.8006784031215,100,100,100,100,100.0,100.0,100.0,100.0,757.0,380.0,616.0,720.0,716.0,771.0,537.0,638.0
105,business,466.1709803523985,441.7771527378951,416.8051744828135,466.1364883210248,480.01101652957897,462.2795320025894,452.65968876011334,421.03670369577867,250,250,250,250,325.0,325.0,325.0,325.0,1307.0,1319.0,1280.0,1223.0,1041.0,1066.0,1023.0,1220.0
106,business,214.2703812217346,194.8012209153959,194.61820608891114,218.97963072872238,200.7831112078615,218.6047169735909,243.59010249419316,274.1882656492693,250,250,250,250,250.0,250.0,250.0,250.0,759.0,658.0,678.0,963.0,554.0,939.0,694.0,858.0
107,education,370.62716243759473,377.30465428051093,411.09591533688825,413.32826141564044,454.6979262468039,461.5797222134477,519.9860879471959,476.6249478261592,100,100,100,100,130.0,130.0,130.0,130.0,1310.0,1348.0,1299.0,1363.0,994.0,1205.0,1127.0,1077.0
108,business,508.3830981463083,529.3337096538077,568.5071326259143,551.0010636726347,528.0948587368198,586.4491495744088,568.4018349009814,587.4386742042803,250,250,250,250,325.0,325.0,325.0,325.0,1489.0,1411.0,1546.0,1503.0,1229.0,1363.0,1371.0,1395.0
109,business,693.4908803430717,635.533877859593,596.4320056093549,625.1129786749941,646.9937949220978,700.1266523754281,802.2613861957501,750.5430290672792,250,250,250,250,325.0,325.0,325.0,325.0,1716.0,1610.0,1624.0,1677.0,1488.0,1543.0,1629.0,1715.0
110,business,48.91901844268795,53.51162904439842,59.074606026616145,66.64152172281239,74.63982195841109,81.66431455427056,76.37066072083998,68.95710504783618,250,250,250,250,250.0,250.0,250.0,250.0,434.0,647.0,449.0,284.0,220.0,395.0,426.0,578.0
111,business,801.4162949199522,812.0929300460436,776.4502874424501,739.6974379998815,786.0907747839715,836.4323891471714,795.0322622742186,799.4117491934225,250,250,250,250,325.0,325.0,325.0,325.0,2146.0,2144.0,2163.0,1831.0,2025.0,2012.0,1876.0,1624.0
112,education,631.6213855959987,651.263274162835,622.577994907726,657.2815170393206,679.1291909509836,641.3405360212329,606.7441967054449,590.8233363251572,100,100,100,100,100.0,100.0,100.0,100.0,1512.0,1733.0,1834.0,1529.0,1735.0,1575.0,1591.0,1599.0
113,education,90.94144162938319,91.86819737221722,95.01409570154664,100.51446692968211,98.61307881213769,102.18846655790401,114.808479298176,117.27687577612475,100,100,100,100,130.0,130.0,130.0,130.0,709.0,634.0,279.0,446.0,367.0,166.0,385.0,311.0
114,business,874.8428378657095,875.0097274511181,917.2158074011868,993.5999398538072,976.9576160648835,1119.7570047926686,1190.943471475789,1243.7022335389795,250,250,250,250,325.0,325.0,325.0,325.0,2096.0,2020.0,2345.0,2449.0,2020.0,2340.0,2477.0,2823.0
115,education,921.663676526495,958.4473501953549,1001.5981373725749,934.3828107257887,997.3338053887934,1131.3226267213179,1061.2101183568323,966.693193046598,100,100,100,100,100.0,100.0,100.0,100.0,2165.0,2433.0,2300.0,2386.0,2433.0,2637.0,2548.0,2315.0
116,education,70.46718025631512,66.15529782894215,61.05285278991706,65.87335655894613,75.65784505580274,68.90866850357509,69.60332677089396,64.78335372990325,100,100,100,100,130.0,130.0,130.0,130.0,624.0,461.0,536.0,580.0,209.0,62.0,28.0,138.0
117,business,284.10887166573167,268.6198334689754,300.6836978209069,338.9481429771174,361.1356197666373,339.9021829462672,358.1972501225787,372.4035676629282,250,250,250,250,325.0,325.0,325.0,325.0,1022.0,946.0,754.0,1072.0,938.0,642.0,929.0,650.0
118,education,808.1392669951307,901.4360403138194,871.1477989570237,823.165655261838,855.6361277990501,798.25048942874,735.0817521589903,724.6375917565714,100,100,100,100,100.0,100.0,100.0,100.0,1776.0,2234.0,2163.0,2082.0,2112.0,1868.0,1821.0,1741.0
119,business,750.7770934798218,853.2798383210913,795.5799722620723,763.2681529993598,826.3619040590111,893.7062488341195,1001.4908795804947,1083.9069409756137,250,250,250,250,250.0,250.0,250.0,250.0,1902.0,1986.0,1904.0,1749.0,1899.0,2290.0,2448.0,2602.0
120,education,192.67580916281355,191.39014689208673,214.77553859192392,245.45596085981794,249.4572374139561,275.51213096850404,303.3115484974839,322.44229114933495,100,100,100,100,100.0,100.0,100.0,100.0,618.0,819.0,740.0,701.0,902.0,1078.0,923.0,1186.0
121,education,217.2558301033432,210.23546177047413,239.43987409892108,226.32916138192064,207.09923673482353,197.44382331062855,202.63693021391532,225.2109052654658,100,100,100,100,100.0,100.0,100.0,100.0,898.0,766.0,795.0,795.0,681.0,750.0,865.0,1040.0
122,business,376.76738176346817,399.7501490278796,445.9340449958203,496.59049066384523,516.739254521343,530.4138149325942,605.6167628199506,649.9014025288188,250,250,250,250,250.0,250.0,250.0,250.0,1312.0,1003.0,1156.0,1417.0,1312.0,1417.0,1478.0,1611.0
123,business,489.6777553391111,490.74698766362695,540.9891826813936,553.4695132162468,630.6266619093127,700.10643177132,703.2150757275836,708.4770719409638,250,250,250,250,325.0,325.0,325.0,325.0,1418.0,1338.0,1371.0,1427.0,1471.0,1642.0,1492.0,1730.0
124,business,622.072223814993,563.813038113541,599.7902272530921,576.8829001028598,544.4769275385366,589.7776181821383,675.901416361377,722.0260480353214,250,250,250,250,250.0,250.0,250.0,250.0,1511.0,1488.0,1510.0,1349.0,1405.0,1774.0,1737.0,1785.0
125,business,375.2245031740747,352.35012304818474,365.6387763223987,408.66988078619147,438.29894682596495,453.8845511676013,484.28573826905335,469.19795826206905,250,250,250,250,250.0,250.0,250.0,250.0,1233.0,1151.0,1088.0,1110.0,1217.0,1162.0,1566.0,1120.0
126,education,467.90936897181643,504.8709605249675,465.36313672982783,470.6339856244241,447.2121427469389,468.49359237618864,495.9790893347469,484.3624529450117,100,100,100,100,130.0,130.0,130.0,130.0,1294.0,1088.0,1334.0,1194.0,1050.0,806.0,830.0,1062.0
127,education,749.9962287524189,798.5442237439999,800.2317898614207,823.2019140219978,851.1553164808519,874.213230381993,823.061898622352,903.1016146874338,100,100,100,100,100.0,100.0,100.0,100.0,1899.0,2052.0,2232.0,1848.0,2092.0,2150.0,1917.0,2434.0
128,business,46.31637086169192,41.99848078493697,41.71172058657036,41.28660901035713,38.155808803589814,37.17852837781212,41.65786958735826,42.1413041274996,250,250,250,250,325.0,325.0,325.0,325.0,385.0,373.0,320.0,700.0,213.0,306.0,295.0,223.0
129,business,259.9125749005806,248.3446564515829,239.63730685391386,251.19686245217278,254.36011773888137,264.8538711221624,266.6740586875911,293.23348426443454,250,250,250,250,250.0,250.0,250.0,250.0,896.0,957.0,858.0,1014.0,857.0,889.0,1032.0,841.0
130,business,716.2160900257069,685.9693528520846,741.4334243736611,697.6005981406838,759.715535958959,814.5831989783715,766.1630307463963,847.07413226259,250,250,250,250,250.0,250.0,250.0,250.0,1783.0,1731.0,1934.0,1517.0,1745.0,1824.0,1928.0,2061.0
131,business,896.2547693103273,957.1760613581349,980.1185509787633,977.933263135305,965.1153755397593,1079.3181814629036,974.7882446998616,1086.2948416922634,250,250,250,250,325.0,325.0,325.0,325.0,1904.0,2274.0,2275.0,2125.0,2184.0,2499.0,2111.0,2392.0
132,business,516.5606676945094,467.45002306081153,430.17628462848575,491.41320393945364,523.958483762301,554.910198651578,577.0727131874512,651.6067375062322,250,250,250,250,325.0,325.0,325.0,325.0,1418.0,1295.0,971.0,1267.0,1350.0,1309.0,1420.0,1832.0
133,business,536.7923504126625,497.08428797680347,474.7382617205418,457.90088983161,503.170112063983,548.5965031296638,566.0692499287991,570.454195062509,250,250,250,250,325.0,325.0,325.0,325.0,1432.0,1409.0,1095.0,1112.0,1253.0,1373.0,1403.0,1470.0
134,education,116.10029122637829,127.70788472086338,136.75147910476687,145.52875875887838,164.70864218739257,154.82907338017424,167.19037973817896,163.7992078746151,100,100,100,100,130.0,130.0,130.0,130.0,627.0,718.0,360.0,930.0,343.0,505.0,262.0,352.0
135,business,452.9382431552201,427.86184522860617,393.21903321083545,385.86486055580286,369.91340804914205,375.6061418375226,421.6421257872206,440.84779249464793,250,250,250,250,325.0,325.0,325.0,325.0,1017.0,1100.0,1323.0,1027.0,997.0,761.0,1128.0,720.0
136,business,537.2910937904729,571.2406519752275,635.6775849144647,695.0297085561933,694.9108438472722,627.0409204146717,576.7846228535923,572.6277971347645,250,250,250,250,250.0,250.0,250.0,250.0,1522.0,1487.0,1731.0,1819.0,1709.0,1433.0,1535.0,1514.0
137,education,250.04579859838236,239.93036966334722,245.63750501300885,229.11062438440158,214.9295939410397,206.69128159330305,223.8206402013359,235.07177738663046,100,100,100,100,100.0,100.0,100.0,100.0,875.0,1028.0,954.0,769.0,806.0,853.0,609.0,1064.0
138,business,276.55079863988715,255.77086792226334,260.92379262869366,298.0937596790786,342.2476683556329,370.1803585568346,350.5063778671203,377.28382632779187,250,250,250,250,325.0,325.0,325.0,325.0,983.0,838.0,1010.0,826.0,1057.0,701.0,889.0,968.0
139,education,383.5113214735764,368.47501140517517,386.1993765668902,391.3927484039353,442.9588377157912,508.49569976537947,566.7409650807774,607.6036997093706,100,100,100,100,130.0,130.0,130.0,130.0,956.0,1165.0,1088.0,1293.0,891.0,1009.0,1105.0,1354.0
140,education,29.870485799949105,32.27705325289601,35.703915791060346,34.240505678395046,35.43855640692089,32.773382935366996,36.20691518887413,35.97657482350809,100,100,100,100,130.0,130.0,130.0,130.0,264.0,269.0,701.0,500.0,153.0,6.0,238.0,128.0
141,business,328.8583739273465,366.32327380381355,361.54359834789284,332.0323081372432,368.7246418885714,368.86238965877686,381.84576988702696,359.58990844361546,250,250,250,250,250.0,250.0,250.0,250.0,798.0,892.0,1128.0,1022.0,1178.0,1146.0,969.0,1026.0
142,business,219.3335269265792,242.92393698891757,259.80813157045736,244.85343944843888,252.25768363938525,277.487927603239,299.01008541419185,301.2922304394977,250,250,250,250,250.0,250.0,250.0,250.0,822.0,726.0,876.0,1141.0,779.0,840.0,905.0,1171.0
143,business,334.2223786561355,333.98704679855183,347.82512910232134,358.2402263822192,378.2645732537024,359.73297899369436,352.0302067599736,329.3765475899552,250,250,250,250,325.0,325.0,325.0,325.0,990.0,948.0,1192.0,1108.0,1036.0,976.0,932.0,879.0
144,business,128.5645105010587,137.18106909001233,132.62076807578558,130.5320962937812,120.3872864031772,125.05485045529633,127.27982319486152,142.87468919149177,250,250,250,250,250.0,250.0,250.0,250.0,602.0,761.0,707.0,568.0,530.0,484.0,907.0,563.0
145,business,891.622007932496,848.151934407567,949.6396716057154,1051.4608362891943,1144.849069650291,1240.1781604969885,1370.904378547046,1352.3551720339071,250,250,250,250,325.0,325.0,325.0,325.0,2016.0,2234.0,2460.0,2733.0,2575.0,2566.0,3211.0,2941.0
146,business,597.6565290185082,581.6912898560201,639.4861036387402,644.4241391781247,600.5571381985812,632.9850391737775,642.3635349623596,602.9320087750654,250,250,250,250,325.0,325.0,325.0,325.0,1445.0,1327.0,1841.0,1732.0,1355.0,1497.0,1508.0,1606.0
147,business,682.3112959530447,766.9751798438098,816.5317154358368,785.6493168045915,869.3342524597041,823.2649127414404,814.5791108878435,738.3035032085877,250,250,250,250,250.0,250.0,250.0,250.0,1416.0,1820.0,1942.0,2118.0,2123.0,2010.0,2022.0,1650.0
148,business,791.2795262212649,714.7236125680234,795.2339628618691,838.4042299150467,918.4777210773486,908.2331511577473,929.624868118853,986.7555189769116,250,250,250,250,325.0,325.0,325.0,325.0,1817.0,1909.0,2008.0,2068.0,2082.0,2081.0,2161.0,2235.0
149,business,503.4577769397667,463.874482959134,518.0659469241415,557.7986542642693,600.8529984923345,658.5036096185281,729.0045292551142,772.1802448589993,250,250,250,250,325.0,325.0,325.0,325.0,1316.0,1302.0,1314.0,1141.0,1436.0,1716.0,1558.0,1775.0
150,education,96.05108520654946,91.4379017874699,98.48691768241021,92.75108657240759,84.31445656130268,87.56533774289893,86.14695543915107,84.86776288545289,100,100,100,100,100.0,100.0,100.0,100.0,473.0,716.0,354.0,351.0,554.0,681.0,526.0,337.0
151,business,541.7354764003622,491.15528778670983,544.8156395514816,513.164468227143,500.7366968002418,451.3176919729726,425.79134306756805,390.8457841273996,250,250,250,250,325.0,325.0,325.0,325.0,1426.0,1414.0,1541.0,1507.0,1123.0,1142.0,1199.0,1058.0
152,business,590.9727068406703,558.6812837045613,600.2292182222782,545.7091118799043,527.0339324045352,574.5975273593623,619.4181485052424,620.9092265672814,250,250,250,250,325.0,325.0,325.0,325.0,1667.0,1479.0,1709.0,1415.0,1142.0,1474.0,1484.0,1501.0
153,business,747.9850794424867,782.2131685732847,836.9956187545822,907.3873719421206,898.3444418269731,816.4404375052617,903.3868970930355,883.3356591803284,250,250,250,250,325.0,325.0,325.0,325.0,1789.0,1918.0,1811.0,2220.0,2016.0,1874.0,2250.0,2081.0
154,education,437.3429507673826,439.6854198111296,463.71547871263783,494.2980394158144,455.6986449478285,495.0862490236558,458.0336820596439,489.76632880778146,100,100,100,100,100.0,100.0,100.0,100.0,1302.0,1241.0,1210.0,1493.0,1412.0,1500.0,1231.0,1485.0
155,business,136.30449976760812,153.09284254960778,166.59244079071394,169.70067572809145,192.4812020795555,182.9765072761866,175.65168838308216,184.68805653322428,250,250,250,250,325.0,325.0,325.0,325.0,724.0,562.0,698.0,719.0,647.0,601.0,532.0,554.0
156,education,290.93814674073724,321.3007107959959,301.91062298303086,335.4355672227665,348.33325268613856,396.9321403281028,371.3272377359102,368.0404094591766,100,100,100,100,100.0,100.0,100.0,100.0,1073.0,1109.0,975.0,921.0,1104.0,1081.0,1086.0,1023.0
157,education,369.45147343464873,364.07755714876134,407.84611997711534,449.2088694449159,438.59904004508127,435.0837511192132,429.4212896375127,409.8710860864088,100,100,100,100,100.0,100.0,100.0,100.0,1152.0,1171.0,1415.0,1251.0,1170.0,1134.0,1057.0,1003.0
158,business,649.4580689182852,626.6334225535663,700.5516537287522,733.0142303547487,732.4610826200905,719.0811457695128,728.1327556699929,835.1748177874773,250,250,250,250,325.0,325.0,325.0,325.0,1720.0,1720.0,1738.0,1891.0,1734.0,1823.0,1835.0,1839.0
159,education,575.0705216222227,572.1509472651874,519.1193177119577,579.8914846229945,586.7345724458261,549.9005568397683,597.855506073893,605.9267977161464,100,100,100,100,100.0,100.0,100.0,100.0,1390.0,1543.0,1387.0,1480.0,1443.0,1447.0,1525.0,1583.0
160,business,362.5357586388678,379.78293897630414,420.21242322501047,399.8154393197891,419.8656171991979,409.95723111814704,435.6971732431723,467.0972406552435,250,250,250,250,250.0,250.0,250.0,250.0,1117.0,997.0,1278.0,993.0,1148.0,1409.0,1262.0,1178.0
161,business,986.6500963050499,954.1063409329882,889.4345962675914,825.3774320141923,849.247229256444,950.445813957837,1002.9409719937311,937.8884572742691,250,250,250,250,325.0,325.0,325.0,325.0,2283.0,2323.0,2092.0,1963.0,1930.0,1957.0,2123.0,2135.0
162,business,609.7170711633182,643.8839250628758,633.4399433673258,612.8134936912633,692.3860961164447,795.6094971189235,786.1367609243848,802.9580632390673,250,250,250,250,325.0,325.0,325.0,325.0,1745.0,1664.0,1567.0,1575.0,1361.0,1936.0,1974.0,1692.0
163,business,244.85452381863453,245.43064522254275,266.5075084677727,243.66027656665085,249.5668138320759,247.58959145701377,274.91404628650224,249.3151994280452,250,250,250,250,325.0,325.0,325.0,325.0,861.0,1092.0,823.0,675.0,901.0,639.0,892.0,482.0
164,business,110.7646478941997,114.97501100679352,108.09835261051548,111.64315508291808,128.17075235354605,129.7283676390021,132.04035960404514,135.52144252679082,250,250,250,250,325.0,325.0,325.0,325.0,556.0,429.0,598.0,467.0,284.0,496.0,459.0,389.0
165,education,161.33054779248872,162.78762597629918,179.79759087447937,203.91769355552088,226.93107760471545,245.20305387259265,280.7026287010962,320.28292090387504,100,100,100,100,100.0,100.0,100.0,100.0,849.0,596.0,695.0,679.0,1037.0,691.0,771.0,1020.0
166,business,253.49815110066305,246.8099673921789,273.47372298487795,248.81620682189623,236.90478495592532,265.70031166031447,281.2532214398119,280.1427432273451,250,250,250,250,250.0,250.0,250.0,250.0,817.0,671.0,997.0,642.0,741.0,679.0,1020.0,777.0
167,business,169.07455952696012,192.25693485089292,197.42228912295045,183.70686489777194,208.07536075077047,218.1173031199723,203.19070403527246,184.85254044416138,250,250,250,250,250.0,250.0,250.0,250.0,699.0,719.0,799.0,744.0,675.0,975.0,897.0,624.0
168,business,194.7013538107927,212.39998890488118,191.49907978484393,193.99809625532913,180.24200154426435,179.86014526373478,192.2784793721027,174.53866453632546,250,250,250,250,325.0,325.0,325.0,325.0,990.0,575.0,393.0,776.0,506.0,501.0,467.0,467.0
169,business,292.2442170069086,273.25661164227233,265.5397173989201,300.9809727190959,332.39207754984136,333.44092752538575,327.1975808847904,326.2149051137972,250,250,250,250,325.0,325.0,325.0,325.0,990.0,1063.0,695.0,910.0,820.0,993.0,845.0,800.0
170,education,181.63985934180727,202.91297365386674,213.91729517216464,209.43338036214652,208.41884807527524,223.82194646602835,239.84352408813922,225.45440785515356,100,100,100,100,130.0,130.0,130.0,130.0,864.0,902.0,733.0,620.0,366.0,390.0,510.0,508.0
171,business,897.797770380161,917.4216540926807,1050.719850288111,1078.8882858207967,1207.808509633632,1087.9994202121418,998.141860396829,904.1548505754415,250,250,250,250,325.0,325.0,325.0,325.0,2379.0,2219.0,2622.0,2610.0,2608.0,2531.0,2364.0,2122.0
172,business,89.43140820502579,100.48853372554328,106.31218408245618,96.78589103526039,108.11121198702646,114.04622934007935,107.62774852894445,117.21236584514847,250,250,250,250,250.0,250.0,250.0,250.0,464.0,430.0,485.0,610.0,578.0,528.0,548.0,529.0
173,business,529.2662756745522,582.1737512055847,561.7690824262178,526.4258301557562,579.8482340903128,573.396409265249,638.7259362214901,648.0709771311361,250,250,250,250,250.0,250.0,250.0,250.0,1539.0,1353.0,1540.0,1436.0,1424.0,1373.0,1764.0,1543.0
174,business,416.2928587197649,418.91690918322513,443.4241456516593,508.45563592329785,558.0339293037848,613.0278007271891,586.5418667075458,570.3012221588509,250,250,250,250,250.0,250.0,250.0,250.0,1169.0,1130.0,1335.0,1398.0,1593.0,1680.0,1457.0,1533.0
175,business,982.5548307395203,889.8186795238951,920.9590809567485,1051.0718797820523,1026.0246106693858,947.2748208575538,1050.7743342630263,1182.1429776905957,250,250,250,250,325.0,325.0,325.0,325.0,2566.0,2211.0,2263.0,2530.0,2412.0,2198.0,2165.0,2617.0
176,education,120.91851314637182,116.94867853496491,128.05428278759436,115.40700093771997,106.20096378769185,111.19777932192872,107.84172160319709,100.18870579618485,100,100,100,100,100.0,100.0,100.0,100.0,765.0,490.0,541.0,570.0,329.0,649.0,786.0,744.0
177,business,403.8770430552842,418.17774500845627,387.54420108366605,441.0070654662661,441.3356354392133,450.2696908920238,477.6102815333734,543.9884186351367,250,250,250,250,325.0,325.0,325.0,325.0,1285.0,1454.0,1026.0,1160.0,1328.0,1105.0,1020.0,1448.0
178,education,969.7757289426152,1026.3811066486467,1119.0191611739144,1185.9141092324794,1118.7689909642872,1186.5455619897575,1273.8013263784655,1246.4039989991102,100,100,100,100,100.0,100.0,100.0,100.0,2486.0,2652.0,2501.0,2784.0,2751.0,2584.0,2878.0,2763.0
179,business,866.8520546350404,836.054466667248,865.5811051904886,966.836413817861,1038.128777079393,951.1474950539056,977.9353166188639,1097.3421165981154,250,250,250,250,250.0,250.0,250.0,250.0,2014.0,2035.0,2451.0,2250.0,2470.0,2137.0,2413.0,2541.0
180,business,818.9013502397871,765.5409345213963,873.2892907119683,885.2402231370103,873.3115506103011,912.6070307311952,891.0034951857597,936.2091982523227,250,250,250,250,250.0,250.0,250.0,250.0,2230.0,1862.0,2188.0,2148.0,2064.0,2127.0,2105.0,2314.0
181,business,265.32379877449046,294.17313443186015,289.8982226533265,298.2759934610535,341.1986695880054,354.97325123069453,338.34669251671795,374.4404484769863,250,250,250,250,325.0,325.0,325.0,325.0,777.0,875.0,1156.0,1058.0,892.0,868.0,799.0,836.0
182,education,179.17871151616515,205.35681895259003,217.29944195076925,222.126020028035,235.5075621476866,244.96672894027898,222.50262795195025,254.98874384516515,100,100,100,100,130.0,130.0,130.0,130.0,757.0,953.0,685.0,650.0,585.0,632.0,427.0,474.0
183,education,671.9567877251867,693.0713805123631,785.2547439016644,837.6438499556328,926.1159114191607,973.2292028722942,949.8586610339178,923.3588956808796,100,100,100,100,100.0,100.0,100.0,100.0,1635.0,1684.0,2097.0,2073.0,2542.0,2309.0,2017.0,2304.0
184,business,930.0822292363099,876.9929695365508,811.7687502721283,758.9330063817821,708.1840428195371,757.1315881932728,805.0509746098705,917.9866419637618,250,250,250,250,250.0,250.0,250.0,250.0,2374.0,2276.0,1977.0,1778.0,2090.0,1672.0,2155.0,2276.0
185,education,561.1952640837904,543.2801331799085,616.2465242033735,559.23965192727,623.8338564901447,686.9953188668799,779.4485414662781,777.3989610469538,100,100,100,100,130.0,130.0,130.0,130.0,1735.0,1493.0,1633.0,1412.0,1124.0,1123.0,1640.0,1615.0
186,education,575.8965625752008,520.9546881694604,558.4485423418754,545.5944448639427,616.89779965314,596.8209718248063,667.1271510829162,664.7108006535474,100,100,100,100,100.0,100.0,100.0,100.0,1600.0,1522.0,1477.0,1674.0,1603.0,1505.0,1631.0,1645.0
187,business,287.1793027236813,324.10329588859764,297.1895199095818,319.8265023104291,326.7876795555028,361.51290716779715,394.597192562049,388.71642223663247,250,250,250,250,325.0,325.0,325.0,325.0,969.0,906.0,845.0,1051.0,853.0,852.0,774.0,795.0
188,business,771.7980038600175,717.3382161557573,699.5775616005574,664.9228418997084,699.2084142795943,716.3837142269416,785.9530518622881,813.7379870001328,250,250,250,250,325.0,325.0,325.0,325.0,1906.0,1771.0,1671.0,1725.0,1770.0,1685.0,1618.0,1800.0
189,business,195.17331107194815,203.78613731816498,219.48643721173823,234.49011486389378,255.87618789319814,235.217913781504,250.80021282630815,235.3850939524986,250,250,250,250,250.0,250.0,250.0,250.0,763.0,765.0,794.0,630.0,862.0,656.0,670.0,820.0
190,business,330.4424440402012,320.0380688676454,293.42295108866585,335.2292696961096,316.35909905929327,289.35396895954136,279.24733088976967,289.9782113931013,250,250,250,250,250.0,250.0,250.0,250.0,977.0,921.0,873.0,998.0,898.0,769.0,942.0,760.0
191,education,431.1820742302526,447.8017719616119,468.1958356781113,432.36723313525005,443.4537858087593,436.16321917491405,491.4681735104575,508.8790248436542,100,100,100,100,130.0,130.0,130.0,130.0,1444.0,1431.0,1338.0,1002.0,935.0,969.0,1053.0,1065.0
192,education,512.5342748976104,544.74966650721,537.3796198378934,574.0023255025991,573.8104692106429,629.0249479691652,671.5992925716998,732.3625429031615,100,100,100,100,100.0,100.0,100.0,100.0,1479.0,1356.0,1333.0,1511.0,1460.0,1777.0,1775.0,1870.0
193,business,249.98563509092943,276.842954522146,292.13268068178047,295.3278978932455,276.6021889568008,297.8784939692037,309.82644735118424,343.4155041264588,250,250,250,250,250.0,250.0,250.0,250.0,816.0,842.0,1026.0,798.0,1029.0,717.0,1065.0,961.0
194,business,123.68845649181151,117.7025929654168,107.27832266568626,119.8337016203242,118.86108403231218,130.40888302534742,120.98649789973925,122.20971223589842,250,250,250,250,325.0,325.0,325.0,325.0,612.0,756.0,517.0,664.0,715.0,360.0,508.0,484.0
195,business,614.5138420172162,554.7517300442661,620.1481947924107,585.5981558465826,537.0187349259112,552.7626550099682,559.2652918418125,545.6098858906429,250,250,250,250,325.0,325.0,325.0,325.0,1937.0,1607.0,1794.0,1548.0,1375.0,1430.0,1495.0,1316.0
196,education,295.7442477078532,276.2906073587466,315.9030112606377,339.01336613095185,307.2996748831578,310.3879596337456,315.0715797950921,303.9916857640066,100,100,100,100,130.0,130.0,130.0,130.0,993.0,1112.0,994.0,901.0,753.0,757.0,798.0,596.0
197,education,585.4258392083862,658.6067974643271,752.2735030688481,834.6691339917497,779.4070029710083,730.1976856540693,815.0035037822079,773.1579306124888,100,100,100,100,130.0,130.0,130.0,130.0,1750.0,1493.0,1898.0,2120.0,1768.0,1411.0,1806.0,1558.0
198,education,162.81908812146028,182.1086756960945,198.02733370444895,224.98945914944153,256.6632002482729,252.05563083336034,261.296508245866,238.93263540563484,100,100,100,100,100.0,100.0,100.0,100.0,618.0,750.0,950.0,1062.0,929.0,1005.0,912.0,799.0
199,education,486.3287008362693,510.3306152129052,475.8943014307644,509.5933320694,528.6431456792831,533.1391718663263,530.5268630935886,522.8936397802098,100,100,100,100,100.0,100.0,100.0,100.0,1419.0,1421.0,1282.0,1384.0,1399.0,1461.0,1537.0,1333.0
200,business,537.26353822607,564.1961377037119,614.7288155598476,629.6628474551496,718.7321457413904,662.7789254015614,758.351700876952,733.7522300356194,250,250,250,250,325.0,325.0,325.0,325.0,1373.0,1435.0,1554.0,1739.0,1609.0,1612.0,1675.0,1716.0
201,business,61.30530145420264,65.36733976157204,59.232401115877806,62.45830489427412,62.96574549256422,60.14191996006573,55.792465229499726,63.692920806083634,250,250,250,250,325.0,325.0,325.0,325.0,411.0,522.0,387.0,225.0,444.0,222.0,271.0,212.0
202,business,343.23823541198135,323.9629439249471,293.35845225330473,327.7477623784389,320.52224611364284,336.40615023610457,338.3025077266786,351.6408305794338,250,250,250,250,250.0,250.0,250.0,250.0,1143.0,971.0,973.0,1073.0,1037.0,1069.0,1244.0,971.0
203,education,143.0705301695845,161.46982762684738,158.38616644025333,165.1417223721201,169.5238348834259,183.74955947211114,167.3051074123261,165.09990225030188,100,100,100,100,130.0,130.0,130.0,130.0,538.0,702.0,588.0,621.0,237.0,243.0,283.0,405.0
204,business,72.74122076804007,73.08256849181663,74.70213650033716,67.7994174206327,68.46913478828688,78.71121889023685,85.39978580308168,89.25275942039609,250,250,250,250,250.0,250.0,250.0,250.0,356.0,908.0,596.0,457.0,648.0,446.0,449.0,503.0
205,business,990.0606300660457,985.8871602297598,1077.1821395474005,1220.1642525014274,1130.3798948732922,1281.0350427332123,1446.9535972795907,1352.6110294870334,250,250,250,250,250.0,250.0,250.0,250.0,2459.0,2407.0,2546.0,2909.0,2565.0,2923.0,3247.0,3109.0
206,business,329.13030652497577,338.9151617227225,362.91843631719576,389.1870852562888,412.6187081231125,437.6404429400714,424.515313882122,429.1896253864016,250,250,250,250,250.0,250.0,250.0,250.0,953.0,1074.0,1180.0,1102.0,1043.0,1245.0,1136.0,1006.0
207,education,811.7757013960885,740.129588911621,748.6230767117594,800.3741521148963,763.5645811910478,767.6206464197011,855.5787799761088,903.9691011536479,100,100,100,100,100.0,100.0,100.0,100.0,1995.0,1983.0,1989.0,1811.0,1827.0,2229.0,2060.0,2150.0
208,business,262.0942482161262,246.78030202575593,238.9836896600029,227.9710316160001,240.48595476812653,254.68528952974634,247.82268173453636,253.3304065033341,250,250,250,250,250.0,250.0,250.0,250.0,677.0,884.0,785.0,1008.0,887.0,1186.0,894.0,1077.0
209,business,684.68769500169,742.5495594177044,853.3981930451106,908.6312911706564,965.466426580167,1058.5498489833622,1193.7187683517056,1194.2496152832614,250,250,250,250,250.0,250.0,250.0,250.0,1580.0,1717.0,1982.0,2007.0,2411.0,2434.0,2784.0,2538.0
210,business,762.6255812907897,702.1491187258364,706.7449132988571,705.66083827536,661.9142507721866,615.30492848354,669.7535544281693,769.1865717424229,250,250,250,250,250.0,250.0,250.0,250.0,1960.0,1615.0,1782.0,1719.0,1762.0,1816.0,1857.0,2156.0
211,education,599.6823532017659,630.1390369674425,638.2342794733735,678.3206539938803,620.8922683904896,622.429735748411,685.4362402764503,767.7425264556099,100,100,100,100,130.0,130.0,130.0,130.0,1574.0,1659.0,1680.0,1775.0,1234.0,1170.0,1692.0,1626.0
212,education,476.8604266646568,458.42370427929825,431.33359340612304,399.69452276420907,437.74160287185117,485.8715422370608,439.47160624834726,464.0167500677923,100,100,100,100,130.0,130.0,130.0,130.0,1421.0,1243.0,1261.0,1174.0,793.0,1034.0,849.0,878.0
213,business,417.7225050057958,416.60463927656224,457.7245116865389,487.23004072156175,494.5141814486349,492.515472813317,561.8136750929533,585.6033045337946,250,250,250,250,325.0,325.0,325.0,325.0,1096.0,966.0,1338.0,1395.0,1284.0,1106.0,1319.0,1350.0
214,education,355.3795838775653,345.49059050021646,370.8567019013825,426.43085125481474,389.98847533673603,406.7455265888741,439.9635177616124,464.23415799525975,100,100,100,100,130.0,130.0,130.0,130.0,1072.0,1268.0,1119.0,1250.0,806.0,797.0,697.0,1113.0
215,business,930.2338528053476,919.9251678685463,878.7055318579353,801.4260249843719,920.6113619759866,963.8270137361638,940.8761469122579,894.1409723047212,250,250,250,250,250.0,250.0,250.0,250.0,2261.0,2248.0,2071.0,2136.0,2277.0,2642.0,2122.0,1910.0
216,business,832.3132137098519,898.6997443760688,827.3387260975596,946.7183646750752,865.7220077616898,819.076095047323,907.0028213790074,905.9003012346244,250,250,250,250,250.0,250.0,250.0,250.0,2058.0,2388.0,2002.0,2370.0,2132.0,2010.0,2214.0,2400.0
217,education,965.3766415598475,940.547568394563,1006.5033025202487,1008.241523840561,1082.60821602331,1072.387160737879,1040.623374328019,946.8266649618009,100,100,100,100,130.0,130.0,130.0,130.0,2373.0,1984.0,2446.0,2245.0,2228.0,2094.0,2164.0,1952.0
218,business,133.05425125068928,138.58946245552525,147.40760554955662,164.7557652791585,188.79688228143112,185.7058661538931,207.6541564674447,211.5760186396409,250,250,250,250,250.0,250.0,250.0,250.0,487.0,803.0,568.0,369.0,775.0,602.0,825.0,895.0
219,education,733.5588004516078,747.5056609043662,723.8208556457324,793.0155027101242,761.1323350848749,690.0038920605244,640.4237297429545,663.3228141187298,100,100,100,100,130.0,130.0,130.0,130.0,1883.0,1791.0,1869.0,1959.0,1824.0,1298.0,1365.0,1127.0
220,education,938.9570522528275,1000.8510273010723,1138.6841178463353,1186.2288087982345,1109.7910027109394,1005.5238529164288,1081.8647264496965,1035.2768552917992,100,100,100,100,100.0,100.0,100.0,100.0,2456.0,2594.0,2790.0,2990.0,2709.0,2282.0,2756.0,2485.0
221,business,189.42073550400355,214.84240651983308,201.47157611635504,218.51855002215473,203.2979102592183,225.23868697031008,233.1613720048657,266.03880696872415,250,250,250,250,325.0,325.0,325.0,325.0,633.0,809.0,940.0,640.0,547.0,664.0,858.0,440.0
222,business,75.83130469310971,82.13614870210397,82.80011270877598,92.70539831093967,90.46366931811144,87.59304924975264,80.94768147530938,91.25747386837827,250,250,250,250,250.0,250.0,250.0,250.0,556.0,575.0,464.0,416.0,559.0,556.0,489.0,683.0
223,business,743.7094427971584,709.3017958165282,805.6987329188611,806.5326958958894,746.2536138971514,768.2827904047095,737.9152277033332,797.3438274394666,250,250,250,250,325.0,325.0,325.0,325.0,1904.0,1847.0,1946.0,2029.0,1586.0,1785.0,1587.0,1684.0
224,business,578.7283820481127,525.3671851686028,527.9582064097042,518.3273461225893,556.1861493425729,542.1042910294384,489.57493224949883,505.90061968469666,250,250,250,250,325.0,325.0,325.0,325.0,1580.0,1352.0,1131.0,1447.0,1184.0,1269.0,1244.0,1078.0
225,business,843.4104889906894,814.3685015535182,862.9305061987267,920.6591301136804,842.9305952722225,956.8693647563249,973.3198546137265,1087.6774331490315,250,250,250,250,325.0,325.0,325.0,325.0,2057.0,1921.0,1983.0,2346.0,2040.0,2050.0,2263.0,2148.0
226,education,148.3746528600266,155.61080792210225,155.5172235029651,171.3739906298791,176.06201732094,169.86889320151835,165.67590298270852,154.51979894437756,100,100,100,100,100.0,100.0,100.0,100.0,824.0,625.0,554.0,897.0,746.0,618.0,705.0,720.0
227,business,797.3146387412913,727.8338133422052,704.9462061084439,768.7940889310092,883.4783424624839,890.0286304028125,934.1645904227329,1025.3646959289488,250,250,250,250,325.0,325.0,325.0,325.0,2206.0,1638.0,1829.0,1924.0,2094.0,1992.0,2039.0,2252.0
228,education,209.6110468472671,214.66090433641548,246.00019684224287,270.4657558236816,298.4569512813012,333.7293586158212,325.15566848498145,302.78665043804085,100,100,100,100,130.0,130.0,130.0,130.0,864.0,741.0,1078.0,799.0,427.0,687.0,615.0,541.0
229,business,172.01938343704745,180.48457981321624,180.90574086515232,182.51504734732023,192.3352438370194,213.58509391918594,208.24114742711188,228.7638676014344,250,250,250,250,325.0,325.0,325.0,325.0,747.0,643.0,797.0,623.0,467.0,550.0,611.0,689.0
230,education,172.62313995168302,169.78538344213752,190.75808913091666,210.684403293682,205.74667830230302,194.74444760937786,211.4531900869482,204.8858540855708,100,100,100,100,130.0,130.0,130.0,130.0,699.0,513.0,853.0,709.0,456.0,364.0,514.0,325.0
231,business,816.4289730290683,892.1348404261057,854.2089852914681,794.4590005650647,838.9280161477983,923.375204423323,842.1511592342484,942.5967557003006,250,250,250,250,325.0,325.0,325.0,325.0,1885.0,2249.0,2033.0,2123.0,1823.0,2276.0,1848.0,1918.0
232,business,668.5452484892381,619.5071625477733,590.5614189220365,611.8938405996676,631.3278129167437,640.5115629029108,721.0390777395286,819.1079801353652,250,250,250,250,250.0,250.0,250.0,250.0,1547.0,1621.0,1418.0,1545.0,1473.0,1898.0,1727.0,1975.0
233,business,527.8347705214281,484.96637691428776,440.2444850666217,396.8538411913768,399.4416639634176,407.7269700441532,453.8270148356396,425.3262210057503,250,250,250,250,325.0,325.0,325.0,325.0,1319.0,1401.0,1253.0,1311.0,905.0,1025.0,1215.0,1284.0
234,business,365.24217928226744,395.20927341520263,420.0745392150812,412.15464602634825,384.40740368804535,358.794335729432,382.81603658529434,388.8143432657242,250,250,250,250,325.0,325.0,325.0,325.0,1114.0,1226.0,1117.0,993.0,916.0,816.0,850.0,1080.0
235,education,878.4285354049772,899.3991096647032,892.3222650565177,884.8404852639993,992.4822627502198,913.2329296638889,957.3470047997445,1096.3986363773702,100,100,100,100,130.0,130.0,130.0,130.0,2125.0,2162.0,2073.0,2196.0,2082.0,1869.0,1980.0,2295.0
236,business,398.52065634840903,427.25423442761786,476.8539915614635,476.39772474069764,482.3270480970708,521.8705475689846,586.1000911374144,598.3213675937643,250,250,250,250,250.0,250.0,250.0,250.0,1342.0,1103.0,1341.0,1224.0,1532.0,1541.0,1545.0,1587.0
237,business,818.4334450768613,825.5594097559418,840.6691915950842,902.7667360427902,856.4147448777316,877.0674331739755,829.9974560688083,926.183272182326,250,250,250,250,250.0,250.0,250.0,250.0,1746.0,2097.0,1948.0,2278.0,1996.0,2158.0,2069.0,2218.0
238,business,444.74355948451625,427.66563286781025,488.4148333529302,487.0177350876089,483.09229310923473,487.5428657164981,448.4137920542852,469.5712464340558,250,250,250,250,325.0,325.0,325.0,325.0,1249.0,860.0,1431.0,1298.0,1035.0,1207.0,1009.0,1216.0
239,business,383.1749851306585,423.3223662164175,400.6244046700173,405.5013680636118,406.9337765588318,440.4557835320145,422.78361506666096,420.1760873882164,250,250,250,250,325.0,325.0,325.0,325.0,1192.0,1208.0,1127.0,1281.0,848.0,1010.0,1262.0,1116.0
240,education,468.0529878129104,514.789936695748,575.1005594372554,551.7434441327455,610.7162518820787,666.5224188036796,732.2712359853404,711.3618817441098,100,100,100,100,100.0,100.0,100.0,100.0,1438.0,1516.0,1539.0,1446.0,1685.0,1587.0,1907.0,1807.0
241,education,308.36409542250067,331.0825480873078,362.25370949329545,359.83130006715265,389.8425241367794,366.34556202064425,332.88633040590963,316.51024462666703,100,100,100,100,130.0,130.0,130.0,130.0,998.0,1152.0,1100.0,1081.0,815.0,844.0,624.0,677.0
242,education,750.1332863744886,726.1562392773268,793.4930422204601,759.2279549837511,829.3246047749526,872.9108270260276,912.8043434257125,995.3670835589949,100,100,100,100,100.0,100.0,100.0,100.0,1928.0,1773.0,1915.0,1999.0,1927.0,2153.0,2249.0,2182.0
243,business,507.6931861915544,531.8378895350821,590.9760328706537,542.6926887463328,489.9200665099631,457.50623010693647,525.6103234311674,523.8417112906754,250,250,250,250,250.0,250.0,250.0,250.0,1412.0,1170.0,1709.0,1448.0,1255.0,1369.0,1646.0,1365.0
244,business,239.89056819534912,237.55006968597232,258.9903882376766,272.16319578423963,273.2623267265638,297.26672011707467,331.13254091338666,340.3442725483483,250,250,250,250,250.0,250.0,250.0,250.0,893.0,519.0,685.0,911.0,892.0,749.0,1033.0,897.0
245,education,900.5788275418228,831.1401638427278,878.1453626390501,937.0278189519323,956.0832521997679,1017.5008825681144,1048.3936565146007,1072.592018406577,100,100,100,100,100.0,100.0,100.0,100.0,2189.0,2129.0,2301.0,2356.0,2294.0,2645.0,2671.0,2390.0
246,business,390.0523091594793,440.4971478266279,410.9006816154517,433.4478648112921,392.1827911826182,446.7564601100096,409.1888109367793,427.32395973076217,250,250,250,250,325.0,325.0,325.0,325.0,1402.0,1207.0,1148.0,1226.0,862.0,1126.0,883.0,1113.0
247,education,548.1173325028487,512.0537650065621,465.0121766733496,472.3935525517239,455.8377184662838,418.11236283112333,463.203012671767,517.1171967928706,100,100,100,100,100.0,100.0,100.0,100.0,1570.0,1671.0,1445.0,1159.0,1338.0,1024.0,1229.0,1287.0
248,education,907.4073898549015,1032.2297501127018,1166.6384110620832,1160.7427397389424,1265.293688836654,1156.8120646007428,1214.3572493146567,1390.6635072753495,100,100,100,100,130.0,130.0,130.0,130.0,2199.0,2256.0,2718.0,2614.0,2382.0,2449.0,2188.0,2890.0
249,education,627.9956159548522,635.2184718864047,669.6235423172977,747.1883222425695,698.0811827650183,677.5204362042239,629.2357561593157,630.4288199635195,100,100,100,100,130.0,130.0,130.0,130.0,1535.0,1679.0,1809.0,1631.0,1426.0,1334.0,1519.0,1409.0
